path,kind,category,franchise,slug,reasons
profiles/generated/anime/dragon-ball/beerus-dc-comics.yaml,generated,anime,dragon-ball,beerus-dc-comics,comic_continuity_on_non_comic:dc-comics;dc_continuity_on_non_dc:dc-comics;dragon_ball_cross_franchise_variant:dc-comics;yaml_text_mentions_wrong_comic_franchise
profiles/generated/anime/dragon-ball/beerus-marvel-comics.yaml,generated,anime,dragon-ball,beerus-marvel-comics,comic_continuity_on_non_comic:marvel-comics;dragon_ball_cross_franchise_variant:marvel-comics;marvel_continuity_on_non_marvel:marvel-comics;yaml_text_mentions_wrong_comic_franchise
profiles/generated/anime/dragon-ball/beerus-post-crisis.yaml,generated,anime,dragon-ball,beerus-post-crisis,comic_continuity_on_non_comic:post-crisis;dc_continuity_on_non_dc:post-crisis;dragon_ball_cross_franchise_variant:post-crisis;yaml_text_mentions_wrong_comic_franchise
profiles/generated/anime/dragon-ball/beerus-post-flashpoint.yaml,generated,anime,dragon-ball,beerus-post-flashpoint,comic_continuity_on_non_comic:post-flashpoint;dc_continuity_on_non_dc:post-flashpoint;dragon_ball_cross_franchise_variant:post-flashpoint
profiles/generated/anime/dragon-ball/beerus-rebirth.yaml,generated,anime,dragon-ball,beerus-rebirth,comic_continuity_on_non_comic:rebirth;dc_continuity_on_non_dc:rebirth;dragon_ball_cross_franchise_variant:rebirth
profiles/generated/anime/dragon-ball/broly-dc-comics.yaml,generated,anime,dragon-ball,broly-dc-comics,comic_continuity_on_non_comic:dc-comics;dc_continuity_on_non_dc:dc-comics;dragon_ball_cross_franchise_variant:dc-comics;yaml_text_mentions_wrong_comic_franchise
profiles/generated/anime/dragon-ball/broly-marvel-comics.yaml,generated,anime,dragon-ball,broly-marvel-comics,comic_continuity_on_non_comic:marvel-comics;dragon_ball_cross_franchise_variant:marvel-comics;marvel_continuity_on_non_marvel:marvel-comics;yaml_text_mentions_wrong_comic_franchise
profiles/generated/anime/dragon-ball/broly-rebirth.yaml,generated,anime,dragon-ball,broly-rebirth,comic_continuity_on_non_comic:rebirth;dc_continuity_on_non_dc:rebirth;dragon_ball_cross_franchise_variant:rebirth
profiles/generated/anime/dragon-ball/cell-dc-comics.yaml,generated,anime,dragon-ball,cell-dc-comics,comic_continuity_on_non_comic:dc-comics;dc_continuity_on_non_dc:dc-comics;dragon_ball_cross_franchise_variant:dc-comics;yaml_text_mentions_wrong_comic_franchise
profiles/generated/anime/dragon-ball/cell-marvel-comics.yaml,generated,anime,dragon-ball,cell-marvel-comics,comic_continuity_on_non_comic:marvel-comics;dragon_ball_cross_franchise_variant:marvel-comics;marvel_continuity_on_non_marvel:marvel-comics;yaml_text_mentions_wrong_comic_franchise
profiles/generated/anime/dragon-ball/cell-post-crisis.yaml,generated,anime,dragon-ball,cell-post-crisis,comic_continuity_on_non_comic:post-crisis;dc_continuity_on_non_dc:post-crisis;dragon_ball_cross_franchise_variant:post-crisis;yaml_text_mentions_wrong_comic_franchise
profiles/generated/anime/dragon-ball/cell-post-flashpoint.yaml,generated,anime,dragon-ball,cell-post-flashpoint,comic_continuity_on_non_comic:post-flashpoint;dc_continuity_on_non_dc:post-flashpoint;dragon_ball_cross_franchise_variant:post-flashpoint
profiles/generated/anime/dragon-ball/cell-rebirth.yaml,generated,anime,dragon-ball,cell-rebirth,comic_continuity_on_non_comic:rebirth;dc_continuity_on_non_dc:rebirth;dragon_ball_cross_franchise_variant:rebirth
profiles/generated/anime/dragon-ball/frieza-dc-comics.yaml,generated,anime,dragon-ball,frieza-dc-comics,comic_continuity_on_non_comic:dc-comics;dc_continuity_on_non_dc:dc-comics;dragon_ball_cross_franchise_variant:dc-comics;yaml_text_mentions_wrong_comic_franchise
profiles/generated/anime/dragon-ball/frieza-marvel-comics.yaml,generated,anime,dragon-ball,frieza-marvel-comics,comic_continuity_on_non_comic:marvel-comics;dragon_ball_cross_franchise_variant:marvel-comics;marvel_continuity_on_non_marvel:marvel-comics;yaml_text_mentions_wrong_comic_franchise
profiles/generated/anime/dragon-ball/frieza-post-crisis.yaml,generated,anime,dragon-ball,frieza-post-crisis,comic_continuity_on_non_comic:post-crisis;dc_continuity_on_non_dc:post-crisis;dragon_ball_cross_franchise_variant:post-crisis;yaml_text_mentions_wrong_comic_franchise
profiles/generated/anime/dragon-ball/frieza-post-flashpoint.yaml,generated,anime,dragon-ball,frieza-post-flashpoint,comic_continuity_on_non_comic:post-flashpoint;dc_continuity_on_non_dc:post-flashpoint;dragon_ball_cross_franchise_variant:post-flashpoint
profiles/generated/anime/dragon-ball/frieza-rebirth.yaml,generated,anime,dragon-ball,frieza-rebirth,comic_continuity_on_non_comic:rebirth;dc_continuity_on_non_dc:rebirth;dragon_ball_cross_franchise_variant:rebirth
profiles/generated/anime/dragon-ball/future-trunks-dc-comics.yaml,generated,anime,dragon-ball,future-trunks-dc-comics,comic_continuity_on_non_comic:dc-comics;dc_continuity_on_non_dc:dc-comics;dragon_ball_cross_franchise_variant:dc-comics;yaml_text_mentions_wrong_comic_franchise
profiles/generated/anime/dragon-ball/future-trunks-marvel-comics.yaml,generated,anime,dragon-ball,future-trunks-marvel-comics,comic_continuity_on_non_comic:marvel-comics;dragon_ball_cross_franchise_variant:marvel-comics;marvel_continuity_on_non_marvel:marvel-comics;yaml_text_mentions_wrong_comic_franchise
profiles/generated/anime/dragon-ball/future-trunks-post-crisis.yaml,generated,anime,dragon-ball,future-trunks-post-crisis,comic_continuity_on_non_comic:post-crisis;dc_continuity_on_non_dc:post-crisis;dragon_ball_cross_franchise_variant:post-crisis;yaml_text_mentions_wrong_comic_franchise
profiles/generated/anime/dragon-ball/future-trunks-rebirth.yaml,generated,anime,dragon-ball,future-trunks-rebirth,comic_continuity_on_non_comic:rebirth;dc_continuity_on_non_dc:rebirth;dragon_ball_cross_franchise_variant:rebirth
profiles/generated/anime/dragon-ball/gohan-dc-comics.yaml,generated,anime,dragon-ball,gohan-dc-comics,comic_continuity_on_non_comic:dc-comics;dc_continuity_on_non_dc:dc-comics;dragon_ball_cross_franchise_variant:dc-comics;yaml_text_mentions_wrong_comic_franchise
profiles/generated/anime/dragon-ball/gohan-marvel-comics.yaml,generated,anime,dragon-ball,gohan-marvel-comics,comic_continuity_on_non_comic:marvel-comics;dragon_ball_cross_franchise_variant:marvel-comics;marvel_continuity_on_non_marvel:marvel-comics;yaml_text_mentions_wrong_comic_franchise
profiles/generated/anime/dragon-ball/gohan-post-crisis.yaml,generated,anime,dragon-ball,gohan-post-crisis,comic_continuity_on_non_comic:post-crisis;dc_continuity_on_non_dc:post-crisis;dragon_ball_cross_franchise_variant:post-crisis;yaml_text_mentions_wrong_comic_franchise
profiles/generated/anime/dragon-ball/gohan-post-flashpoint.yaml,generated,anime,dragon-ball,gohan-post-flashpoint,comic_continuity_on_non_comic:post-flashpoint;dc_continuity_on_non_dc:post-flashpoint;dragon_ball_cross_franchise_variant:post-flashpoint
profiles/generated/anime/dragon-ball/gohan-rebirth.yaml,generated,anime,dragon-ball,gohan-rebirth,comic_continuity_on_non_comic:rebirth;dc_continuity_on_non_dc:rebirth;dragon_ball_cross_franchise_variant:rebirth
profiles/generated/anime/dragon-ball/goten-dc-comics.yaml,generated,anime,dragon-ball,goten-dc-comics,comic_continuity_on_non_comic:dc-comics;dc_continuity_on_non_dc:dc-comics;dragon_ball_cross_franchise_variant:dc-comics;yaml_text_mentions_wrong_comic_franchise
profiles/generated/anime/dragon-ball/goten-marvel-comics.yaml,generated,anime,dragon-ball,goten-marvel-comics,comic_continuity_on_non_comic:marvel-comics;dragon_ball_cross_franchise_variant:marvel-comics;marvel_continuity_on_non_marvel:marvel-comics;yaml_text_mentions_wrong_comic_franchise
profiles/generated/anime/dragon-ball/goten-post-crisis.yaml,generated,anime,dragon-ball,goten-post-crisis,comic_continuity_on_non_comic:post-crisis;dc_continuity_on_non_dc:post-crisis;dragon_ball_cross_franchise_variant:post-crisis;yaml_text_mentions_wrong_comic_franchise
profiles/generated/anime/dragon-ball/goten-post-flashpoint.yaml,generated,anime,dragon-ball,goten-post-flashpoint,comic_continuity_on_non_comic:post-flashpoint;dc_continuity_on_non_dc:post-flashpoint;dragon_ball_cross_franchise_variant:post-flashpoint
profiles/generated/anime/dragon-ball/goten-rebirth.yaml,generated,anime,dragon-ball,goten-rebirth,comic_continuity_on_non_comic:rebirth;dc_continuity_on_non_dc:rebirth;dragon_ball_cross_franchise_variant:rebirth
profiles/generated/anime/dragon-ball/krillin-dc-comics.yaml,generated,anime,dragon-ball,krillin-dc-comics,comic_continuity_on_non_comic:dc-comics;dc_continuity_on_non_dc:dc-comics;dragon_ball_cross_franchise_variant:dc-comics;yaml_text_mentions_wrong_comic_franchise
profiles/generated/anime/dragon-ball/krillin-marvel-comics.yaml,generated,anime,dragon-ball,krillin-marvel-comics,comic_continuity_on_non_comic:marvel-comics;dragon_ball_cross_franchise_variant:marvel-comics;marvel_continuity_on_non_marvel:marvel-comics;yaml_text_mentions_wrong_comic_franchise
profiles/generated/anime/dragon-ball/krillin-post-crisis.yaml,generated,anime,dragon-ball,krillin-post-crisis,comic_continuity_on_non_comic:post-crisis;dc_continuity_on_non_dc:post-crisis;dragon_ball_cross_franchise_variant:post-crisis;yaml_text_mentions_wrong_comic_franchise
profiles/generated/anime/dragon-ball/krillin-post-flashpoint.yaml,generated,anime,dragon-ball,krillin-post-flashpoint,comic_continuity_on_non_comic:post-flashpoint;dc_continuity_on_non_dc:post-flashpoint;dragon_ball_cross_franchise_variant:post-flashpoint
profiles/generated/anime/dragon-ball/krillin-rebirth.yaml,generated,anime,dragon-ball,krillin-rebirth,comic_continuity_on_non_comic:rebirth;dc_continuity_on_non_dc:rebirth;dragon_ball_cross_franchise_variant:rebirth
profiles/generated/anime/dragon-ball/majin-buu-dc-comics.yaml,generated,anime,dragon-ball,majin-buu-dc-comics,comic_continuity_on_non_comic:dc-comics;dc_continuity_on_non_dc:dc-comics;dragon_ball_cross_franchise_variant:dc-comics;yaml_text_mentions_wrong_comic_franchise
profiles/generated/anime/dragon-ball/majin-buu-marvel-comics.yaml,generated,anime,dragon-ball,majin-buu-marvel-comics,comic_continuity_on_non_comic:marvel-comics;dragon_ball_cross_franchise_variant:marvel-comics;marvel_continuity_on_non_marvel:marvel-comics;yaml_text_mentions_wrong_comic_franchise
profiles/generated/anime/dragon-ball/majin-buu-post-crisis.yaml,generated,anime,dragon-ball,majin-buu-post-crisis,comic_continuity_on_non_comic:post-crisis;dc_continuity_on_non_dc:post-crisis;dragon_ball_cross_franchise_variant:post-crisis;yaml_text_mentions_wrong_comic_franchise
profiles/generated/anime/dragon-ball/majin-buu-post-flashpoint.yaml,generated,anime,dragon-ball,majin-buu-post-flashpoint,comic_continuity_on_non_comic:post-flashpoint;dc_continuity_on_non_dc:post-flashpoint;dragon_ball_cross_franchise_variant:post-flashpoint
profiles/generated/anime/dragon-ball/piccolo-dc-comics.yaml,generated,anime,dragon-ball,piccolo-dc-comics,comic_continuity_on_non_comic:dc-comics;dc_continuity_on_non_dc:dc-comics;dragon_ball_cross_franchise_variant:dc-comics;yaml_text_mentions_wrong_comic_franchise
profiles/generated/anime/dragon-ball/piccolo-marvel-comics.yaml,generated,anime,dragon-ball,piccolo-marvel-comics,comic_continuity_on_non_comic:marvel-comics;dragon_ball_cross_franchise_variant:marvel-comics;marvel_continuity_on_non_marvel:marvel-comics;yaml_text_mentions_wrong_comic_franchise
profiles/generated/anime/dragon-ball/piccolo-post-crisis.yaml,generated,anime,dragon-ball,piccolo-post-crisis,comic_continuity_on_non_comic:post-crisis;dc_continuity_on_non_dc:post-crisis;dragon_ball_cross_franchise_variant:post-crisis;yaml_text_mentions_wrong_comic_franchise
profiles/generated/anime/dragon-ball/piccolo-post-flashpoint.yaml,generated,anime,dragon-ball,piccolo-post-flashpoint,comic_continuity_on_non_comic:post-flashpoint;dc_continuity_on_non_dc:post-flashpoint;dragon_ball_cross_franchise_variant:post-flashpoint
profiles/generated/anime/dragon-ball/son-goku-dc-comics.yaml,generated,anime,dragon-ball,son-goku-dc-comics,comic_continuity_on_non_comic:dc-comics;dc_continuity_on_non_dc:dc-comics;dragon_ball_cross_franchise_variant:dc-comics;yaml_text_mentions_wrong_comic_franchise
profiles/generated/anime/dragon-ball/son-goku-marvel-comics.yaml,generated,anime,dragon-ball,son-goku-marvel-comics,comic_continuity_on_non_comic:marvel-comics;dragon_ball_cross_franchise_variant:marvel-comics;marvel_continuity_on_non_marvel:marvel-comics;yaml_text_mentions_wrong_comic_franchise
profiles/generated/anime/dragon-ball/son-goku-post-crisis.yaml,generated,anime,dragon-ball,son-goku-post-crisis,comic_continuity_on_non_comic:post-crisis;dc_continuity_on_non_dc:post-crisis;dragon_ball_cross_franchise_variant:post-crisis;yaml_text_mentions_wrong_comic_franchise
profiles/generated/anime/dragon-ball/son-goku-post-flashpoint.yaml,generated,anime,dragon-ball,son-goku-post-flashpoint,comic_continuity_on_non_comic:post-flashpoint;dc_continuity_on_non_dc:post-flashpoint;dragon_ball_cross_franchise_variant:post-flashpoint
profiles/generated/anime/dragon-ball/son-goku-rebirth.yaml,generated,anime,dragon-ball,son-goku-rebirth,comic_continuity_on_non_comic:rebirth;dc_continuity_on_non_dc:rebirth;dragon_ball_cross_franchise_variant:rebirth
profiles/generated/anime/dragon-ball/trunks-dc-comics.yaml,generated,anime,dragon-ball,trunks-dc-comics,comic_continuity_on_non_comic:dc-comics;dc_continuity_on_non_dc:dc-comics;dragon_ball_cross_franchise_variant:dc-comics;yaml_text_mentions_wrong_comic_franchise
profiles/generated/anime/dragon-ball/trunks-marvel-comics.yaml,generated,anime,dragon-ball,trunks-marvel-comics,comic_continuity_on_non_comic:marvel-comics;dragon_ball_cross_franchise_variant:marvel-comics;marvel_continuity_on_non_marvel:marvel-comics;yaml_text_mentions_wrong_comic_franchise
profiles/generated/anime/dragon-ball/trunks-post-crisis.yaml,generated,anime,dragon-ball,trunks-post-crisis,comic_continuity_on_non_comic:post-crisis;dc_continuity_on_non_dc:post-crisis;dragon_ball_cross_franchise_variant:post-crisis;yaml_text_mentions_wrong_comic_franchise
profiles/generated/anime/dragon-ball/trunks-post-flashpoint.yaml,generated,anime,dragon-ball,trunks-post-flashpoint,comic_continuity_on_non_comic:post-flashpoint;dc_continuity_on_non_dc:post-flashpoint;dragon_ball_cross_franchise_variant:post-flashpoint
profiles/generated/anime/dragon-ball/trunks-rebirth.yaml,generated,anime,dragon-ball,trunks-rebirth,comic_continuity_on_non_comic:rebirth;dc_continuity_on_non_dc:rebirth;dragon_ball_cross_franchise_variant:rebirth
profiles/generated/anime/dragon-ball/vegeta-dc-comics.yaml,generated,anime,dragon-ball,vegeta-dc-comics,comic_continuity_on_non_comic:dc-comics;dc_continuity_on_non_dc:dc-comics;dragon_ball_cross_franchise_variant:dc-comics;yaml_text_mentions_wrong_comic_franchise
profiles/generated/comic/marvel/black-panther-dc-comics.yaml,generated,comic,marvel,black-panther-dc-comics,dc_continuity_on_non_dc:dc-comics
profiles/generated/comic/marvel/black-panther-post-crisis.yaml,generated,comic,marvel,black-panther-post-crisis,dc_continuity_on_non_dc:post-crisis
profiles/generated/comic/marvel/black-panther-post-flashpoint.yaml,generated,comic,marvel,black-panther-post-flashpoint,dc_continuity_on_non_dc:post-flashpoint
profiles/generated/comic/marvel/black-panther-rebirth.yaml,generated,comic,marvel,black-panther-rebirth,dc_continuity_on_non_dc:rebirth
profiles/generated/comic/marvel/captain-america-dc-comics.yaml,generated,comic,marvel,captain-america-dc-comics,dc_continuity_on_non_dc:dc-comics
profiles/generated/comic/marvel/captain-america-post-crisis.yaml,generated,comic,marvel,captain-america-post-crisis,dc_continuity_on_non_dc:post-crisis
profiles/generated/comic/marvel/captain-america-post-flashpoint.yaml,generated,comic,marvel,captain-america-post-flashpoint,dc_continuity_on_non_dc:post-flashpoint
profiles/generated/comic/marvel/captain-america-rebirth.yaml,generated,comic,marvel,captain-america-rebirth,dc_continuity_on_non_dc:rebirth
profiles/generated/comic/marvel/deadpool-dc-comics.yaml,generated,comic,marvel,deadpool-dc-comics,dc_continuity_on_non_dc:dc-comics
profiles/generated/comic/marvel/deadpool-post-crisis.yaml,generated,comic,marvel,deadpool-post-crisis,dc_continuity_on_non_dc:post-crisis
profiles/generated/comic/marvel/deadpool-post-flashpoint.yaml,generated,comic,marvel,deadpool-post-flashpoint,dc_continuity_on_non_dc:post-flashpoint
profiles/generated/comic/marvel/deadpool-rebirth.yaml,generated,comic,marvel,deadpool-rebirth,dc_continuity_on_non_dc:rebirth
profiles/generated/comic/marvel/doctor-strange-dc-comics.yaml,generated,comic,marvel,doctor-strange-dc-comics,dc_continuity_on_non_dc:dc-comics
profiles/generated/comic/marvel/doctor-strange-post-crisis.yaml,generated,comic,marvel,doctor-strange-post-crisis,dc_continuity_on_non_dc:post-crisis
profiles/generated/comic/marvel/doctor-strange-post-flashpoint.yaml,generated,comic,marvel,doctor-strange-post-flashpoint,dc_continuity_on_non_dc:post-flashpoint
profiles/generated/comic/marvel/doctor-strange-rebirth.yaml,generated,comic,marvel,doctor-strange-rebirth,dc_continuity_on_non_dc:rebirth
profiles/generated/comic/marvel/hulk-dc-comics.yaml,generated,comic,marvel,hulk-dc-comics,dc_continuity_on_non_dc:dc-comics
profiles/generated/comic/marvel/hulk-post-crisis.yaml,generated,comic,marvel,hulk-post-crisis,dc_continuity_on_non_dc:post-crisis
profiles/generated/comic/marvel/hulk-post-flashpoint.yaml,generated,comic,marvel,hulk-post-flashpoint,dc_continuity_on_non_dc:post-flashpoint
profiles/generated/comic/marvel/hulk-rebirth.yaml,generated,comic,marvel,hulk-rebirth,dc_continuity_on_non_dc:rebirth
profiles/generated/comic/marvel/iron-man-dc-comics.yaml,generated,comic,marvel,iron-man-dc-comics,dc_continuity_on_non_dc:dc-comics
profiles/generated/comic/marvel/iron-man-post-crisis.yaml,generated,comic,marvel,iron-man-post-crisis,dc_continuity_on_non_dc:post-crisis
profiles/generated/comic/marvel/iron-man-post-flashpoint.yaml,generated,comic,marvel,iron-man-post-flashpoint,dc_continuity_on_non_dc:post-flashpoint
profiles/generated/comic/marvel/iron-man-rebirth.yaml,generated,comic,marvel,iron-man-rebirth,dc_continuity_on_non_dc:rebirth
profiles/generated/comic/marvel/jean-grey-dc-comics.yaml,generated,comic,marvel,jean-grey-dc-comics,dc_continuity_on_non_dc:dc-comics
profiles/generated/comic/marvel/magneto-dc-comics.yaml,generated,comic,marvel,magneto-dc-comics,dc_continuity_on_non_dc:dc-comics
profiles/generated/comic/marvel/magneto-post-crisis.yaml,generated,comic,marvel,magneto-post-crisis,dc_continuity_on_non_dc:post-crisis
profiles/generated/comic/marvel/magneto-post-flashpoint.yaml,generated,comic,marvel,magneto-post-flashpoint,dc_continuity_on_non_dc:post-flashpoint
profiles/generated/comic/marvel/magneto-rebirth.yaml,generated,comic,marvel,magneto-rebirth,dc_continuity_on_non_dc:rebirth
profiles/generated/comic/marvel/professor-x-dc-comics.yaml,generated,comic,marvel,professor-x-dc-comics,dc_continuity_on_non_dc:dc-comics
profiles/generated/comic/marvel/professor-x-post-crisis.yaml,generated,comic,marvel,professor-x-post-crisis,dc_continuity_on_non_dc:post-crisis
profiles/generated/comic/marvel/professor-x-post-flashpoint.yaml,generated,comic,marvel,professor-x-post-flashpoint,dc_continuity_on_non_dc:post-flashpoint
profiles/generated/comic/marvel/professor-x-rebirth.yaml,generated,comic,marvel,professor-x-rebirth,dc_continuity_on_non_dc:rebirth
profiles/generated/comic/marvel/scarlet-witch-dc-comics.yaml,generated,comic,marvel,scarlet-witch-dc-comics,dc_continuity_on_non_dc:dc-comics
profiles/generated/comic/marvel/scarlet-witch-post-crisis.yaml,generated,comic,marvel,scarlet-witch-post-crisis,dc_continuity_on_non_dc:post-crisis
profiles/generated/comic/marvel/scarlet-witch-post-flashpoint.yaml,generated,comic,marvel,scarlet-witch-post-flashpoint,dc_continuity_on_non_dc:post-flashpoint
profiles/generated/comic/marvel/scarlet-witch-rebirth.yaml,generated,comic,marvel,scarlet-witch-rebirth,dc_continuity_on_non_dc:rebirth
profiles/generated/comic/marvel/spider-man-dc-comics.yaml,generated,comic,marvel,spider-man-dc-comics,dc_continuity_on_non_dc:dc-comics
profiles/generated/comic/marvel/spider-man-post-crisis.yaml,generated,comic,marvel,spider-man-post-crisis,dc_continuity_on_non_dc:post-crisis
profiles/generated/comic/marvel/spider-man-post-flashpoint.yaml,generated,comic,marvel,spider-man-post-flashpoint,dc_continuity_on_non_dc:post-flashpoint
profiles/generated/comic/marvel/spider-man-rebirth.yaml,generated,comic,marvel,spider-man-rebirth,dc_continuity_on_non_dc:rebirth
profiles/generated/comic/marvel/storm-dc-comics.yaml,generated,comic,marvel,storm-dc-comics,dc_continuity_on_non_dc:dc-comics
profiles/generated/comic/marvel/storm-post-crisis.yaml,generated,comic,marvel,storm-post-crisis,dc_continuity_on_non_dc:post-crisis
profiles/generated/comic/marvel/storm-post-flashpoint.yaml,generated,comic,marvel,storm-post-flashpoint,dc_continuity_on_non_dc:post-flashpoint
profiles/generated/comic/marvel/storm-rebirth.yaml,generated,comic,marvel,storm-rebirth,dc_continuity_on_non_dc:rebirth
profiles/generated/comic/marvel/thor-dc-comics.yaml,generated,comic,marvel,thor-dc-comics,dc_continuity_on_non_dc:dc-comics
profiles/generated/comic/marvel/wolverine-dc-comics.yaml,generated,comic,marvel,wolverine-dc-comics,dc_continuity_on_non_dc:dc-comics
profiles/generated/comic/marvel/wolverine-post-crisis.yaml,generated,comic,marvel,wolverine-post-crisis,dc_continuity_on_non_dc:post-crisis
profiles/generated/comic/marvel/wolverine-post-flashpoint.yaml,generated,comic,marvel,wolverine-post-flashpoint,dc_continuity_on_non_dc:post-flashpoint
profiles/generated/comic/marvel/wolverine-rebirth.yaml,generated,comic,marvel,wolverine-rebirth,dc_continuity_on_non_dc:rebirth
profiles/needs_review/anime/dragon-ball/broly-post-flashpoint.yaml,needs_review,anime,dragon-ball,broly-post-flashpoint,comic_continuity_on_non_comic:post-flashpoint;dc_continuity_on_non_dc:post-flashpoint;dragon_ball_cross_franchise_variant:post-flashpoint
profiles/needs_review/anime/dragon-ball/future-trunks-post-flashpoint.yaml,needs_review,anime,dragon-ball,future-trunks-post-flashpoint,comic_continuity_on_non_comic:post-flashpoint;dc_continuity_on_non_dc:post-flashpoint;dragon_ball_cross_franchise_variant:post-flashpoint
profiles/needs_review/anime/dragon-ball/majin-buu-rebirth.yaml,needs_review,anime,dragon-ball,majin-buu-rebirth,comic_continuity_on_non_comic:rebirth;dc_continuity_on_non_dc:rebirth;dragon_ball_cross_franchise_variant:rebirth
profiles/needs_review/anime/dragon-ball/piccolo-rebirth.yaml,needs_review,anime,dragon-ball,piccolo-rebirth,comic_continuity_on_non_comic:rebirth;dc_continuity_on_non_dc:rebirth;dragon_ball_cross_franchise_variant:rebirth
profiles/needs_review/anime/dragon-ball/vegeta-marvel-comics.yaml,needs_review,anime,dragon-ball,vegeta-marvel-comics,comic_continuity_on_non_comic:marvel-comics;dragon_ball_cross_franchise_variant:marvel-comics;marvel_continuity_on_non_marvel:marvel-comics;yaml_text_mentions_wrong_comic_franchise
profiles/needs_review/anime/dragon-ball/vegeta-post-crisis.yaml,needs_review,anime,dragon-ball,vegeta-post-crisis,comic_continuity_on_non_comic:post-crisis;dc_continuity_on_non_dc:post-crisis;dragon_ball_cross_franchise_variant:post-crisis;yaml_text_mentions_wrong_comic_franchise
profiles/needs_review/anime/dragon-ball/vegeta-post-flashpoint.yaml,needs_review,anime,dragon-ball,vegeta-post-flashpoint,comic_continuity_on_non_comic:post-flashpoint;dc_continuity_on_non_dc:post-flashpoint;dragon_ball_cross_franchise_variant:post-flashpoint
profiles/needs_review/anime/dragon-ball/vegeta-rebirth.yaml,needs_review,anime,dragon-ball,vegeta-rebirth,comic_continuity_on_non_comic:rebirth;dc_continuity_on_non_dc:rebirth;dragon_ball_cross_franchise_variant:rebirth
profiles/needs_review/anime/dragon-ball/whis-dc-comics.yaml,needs_review,anime,dragon-ball,whis-dc-comics,comic_continuity_on_non_comic:dc-comics;dc_continuity_on_non_dc:dc-comics;dragon_ball_cross_franchise_variant:dc-comics;yaml_text_mentions_wrong_comic_franchise
profiles/needs_review/anime/dragon-ball/whis-marvel-comics.yaml,needs_review,anime,dragon-ball,whis-marvel-comics,comic_continuity_on_non_comic:marvel-comics;dragon_ball_cross_franchise_variant:marvel-comics;marvel_continuity_on_non_marvel:marvel-comics;yaml_text_mentions_wrong_comic_franchise
profiles/needs_review/anime/dragon-ball/whis-post-crisis.yaml,needs_review,anime,dragon-ball,whis-post-crisis,comic_continuity_on_non_comic:post-crisis;dc_continuity_on_non_dc:post-crisis;dragon_ball_cross_franchise_variant:post-crisis;yaml_text_mentions_wrong_comic_franchise
profiles/needs_review/anime/dragon-ball/whis-post-flashpoint.yaml,needs_review,anime,dragon-ball,whis-post-flashpoint,comic_continuity_on_non_comic:post-flashpoint;dc_continuity_on_non_dc:post-flashpoint;dragon_ball_cross_franchise_variant:post-flashpoint
profiles/needs_review/anime/dragon-ball/whis-rebirth.yaml,needs_review,anime,dragon-ball,whis-rebirth,comic_continuity_on_non_comic:rebirth;dc_continuity_on_non_dc:rebirth;dragon_ball_cross_franchise_variant:rebirth
profiles/needs_review/comic/marvel/jean-grey-post-crisis.yaml,needs_review,comic,marvel,jean-grey-post-crisis,dc_continuity_on_non_dc:post-crisis
profiles/needs_review/comic/marvel/jean-grey-post-flashpoint.yaml,needs_review,comic,marvel,jean-grey-post-flashpoint,dc_continuity_on_non_dc:post-flashpoint
profiles/needs_review/comic/marvel/jean-grey-rebirth.yaml,needs_review,comic,marvel,jean-grey-rebirth,dc_continuity_on_non_dc:rebirth
profiles/needs_review/comic/marvel/miles-morales-dc-comics.yaml,needs_review,comic,marvel,miles-morales-dc-comics,dc_continuity_on_non_dc:dc-comics
profiles/needs_review/comic/marvel/miles-morales-post-crisis.yaml,needs_review,comic,marvel,miles-morales-post-crisis,dc_continuity_on_non_dc:post-crisis
profiles/needs_review/comic/marvel/miles-morales-post-flashpoint.yaml,needs_review,comic,marvel,miles-morales-post-flashpoint,dc_continuity_on_non_dc:post-flashpoint
profiles/needs_review/comic/marvel/miles-morales-rebirth.yaml,needs_review,comic,marvel,miles-morales-rebirth,dc_continuity_on_non_dc:rebirth
profiles/needs_review/comic/marvel/thor-post-crisis.yaml,needs_review,comic,marvel,thor-post-crisis,dc_continuity_on_non_dc:post-crisis
profiles/needs_review/comic/marvel/thor-post-flashpoint.yaml,needs_review,comic,marvel,thor-post-flashpoint,dc_continuity_on_non_dc:post-flashpoint
profiles/needs_review/comic/marvel/thor-rebirth.yaml,needs_review,comic,marvel,thor-rebirth,dc_continuity_on_non_dc:rebirth
profiles/needs_review/game/final-fantasy/aerith-gainsborough-dc-comics.yaml,needs_review,game,final-fantasy,aerith-gainsborough-dc-comics,comic_continuity_on_non_comic:dc-comics;dc_continuity_on_non_dc:dc-comics
profiles/needs_review/game/final-fantasy/aerith-gainsborough-marvel-comics.yaml,needs_review,game,final-fantasy,aerith-gainsborough-marvel-comics,comic_continuity_on_non_comic:marvel-comics;marvel_continuity_on_non_marvel:marvel-comics
profiles/needs_review/game/final-fantasy/aerith-gainsborough-post-crisis.yaml,needs_review,game,final-fantasy,aerith-gainsborough-post-crisis,comic_continuity_on_non_comic:post-crisis;dc_continuity_on_non_dc:post-crisis
profiles/needs_review/game/final-fantasy/aerith-gainsborough-post-flashpoint.yaml,needs_review,game,final-fantasy,aerith-gainsborough-post-flashpoint,comic_continuity_on_non_comic:post-flashpoint;dc_continuity_on_non_dc:post-flashpoint
profiles/needs_review/game/final-fantasy/aerith-gainsborough-rebirth.yaml,needs_review,game,final-fantasy,aerith-gainsborough-rebirth,comic_continuity_on_non_comic:rebirth;dc_continuity_on_non_dc:rebirth
profiles/needs_review/game/final-fantasy/auron-post-crisis.yaml,needs_review,game,final-fantasy,auron-post-crisis,comic_continuity_on_non_comic:post-crisis;dc_continuity_on_non_dc:post-crisis
profiles/needs_review/game/final-fantasy/auron-post-flashpoint.yaml,needs_review,game,final-fantasy,auron-post-flashpoint,comic_continuity_on_non_comic:post-flashpoint;dc_continuity_on_non_dc:post-flashpoint
profiles/needs_review/game/final-fantasy/auron-rebirth.yaml,needs_review,game,final-fantasy,auron-rebirth,comic_continuity_on_non_comic:rebirth;dc_continuity_on_non_dc:rebirth
profiles/needs_review/game/final-fantasy/barret-wallace-dc-comics.yaml,needs_review,game,final-fantasy,barret-wallace-dc-comics,comic_continuity_on_non_comic:dc-comics;dc_continuity_on_non_dc:dc-comics
profiles/needs_review/game/final-fantasy/barret-wallace-marvel-comics.yaml,needs_review,game,final-fantasy,barret-wallace-marvel-comics,comic_continuity_on_non_comic:marvel-comics;marvel_continuity_on_non_marvel:marvel-comics
profiles/needs_review/game/final-fantasy/barret-wallace-post-crisis.yaml,needs_review,game,final-fantasy,barret-wallace-post-crisis,comic_continuity_on_non_comic:post-crisis;dc_continuity_on_non_dc:post-crisis
profiles/needs_review/game/final-fantasy/barret-wallace-post-flashpoint.yaml,needs_review,game,final-fantasy,barret-wallace-post-flashpoint,comic_continuity_on_non_comic:post-flashpoint;dc_continuity_on_non_dc:post-flashpoint
profiles/needs_review/game/final-fantasy/barret-wallace-rebirth.yaml,needs_review,game,final-fantasy,barret-wallace-rebirth,comic_continuity_on_non_comic:rebirth;dc_continuity_on_non_dc:rebirth
profiles/needs_review/game/final-fantasy/cloud-strife-dc-comics.yaml,needs_review,game,final-fantasy,cloud-strife-dc-comics,comic_continuity_on_non_comic:dc-comics;dc_continuity_on_non_dc:dc-comics
profiles/needs_review/game/final-fantasy/cloud-strife-marvel-comics.yaml,needs_review,game,final-fantasy,cloud-strife-marvel-comics,comic_continuity_on_non_comic:marvel-comics;marvel_continuity_on_non_marvel:marvel-comics
profiles/needs_review/game/final-fantasy/cloud-strife-post-crisis.yaml,needs_review,game,final-fantasy,cloud-strife-post-crisis,comic_continuity_on_non_comic:post-crisis;dc_continuity_on_non_dc:post-crisis
profiles/needs_review/game/final-fantasy/cloud-strife-post-flashpoint.yaml,needs_review,game,final-fantasy,cloud-strife-post-flashpoint,comic_continuity_on_non_comic:post-flashpoint;dc_continuity_on_non_dc:post-flashpoint
profiles/needs_review/game/final-fantasy/cloud-strife-rebirth.yaml,needs_review,game,final-fantasy,cloud-strife-rebirth,comic_continuity_on_non_comic:rebirth;dc_continuity_on_non_dc:rebirth
profiles/needs_review/game/final-fantasy/garnet-til-alexandros-xvii-dc-comics.yaml,needs_review,game,final-fantasy,garnet-til-alexandros-xvii-dc-comics,comic_continuity_on_non_comic:dc-comics;dc_continuity_on_non_dc:dc-comics
profiles/needs_review/game/final-fantasy/garnet-til-alexandros-xvii-marvel-comics.yaml,needs_review,game,final-fantasy,garnet-til-alexandros-xvii-marvel-comics,comic_continuity_on_non_comic:marvel-comics;marvel_continuity_on_non_marvel:marvel-comics
profiles/needs_review/game/final-fantasy/garnet-til-alexandros-xvii-post-crisis.yaml,needs_review,game,final-fantasy,garnet-til-alexandros-xvii-post-crisis,comic_continuity_on_non_comic:post-crisis;dc_continuity_on_non_dc:post-crisis
profiles/needs_review/game/final-fantasy/garnet-til-alexandros-xvii-post-flashpoint.yaml,needs_review,game,final-fantasy,garnet-til-alexandros-xvii-post-flashpoint,comic_continuity_on_non_comic:post-flashpoint;dc_continuity_on_non_dc:post-flashpoint
profiles/needs_review/game/final-fantasy/garnet-til-alexandros-xvii-rebirth.yaml,needs_review,game,final-fantasy,garnet-til-alexandros-xvii-rebirth,comic_continuity_on_non_comic:rebirth;dc_continuity_on_non_dc:rebirth
profiles/needs_review/game/final-fantasy/rinoa-heartilly-dc-comics.yaml,needs_review,game,final-fantasy,rinoa-heartilly-dc-comics,comic_continuity_on_non_comic:dc-comics;dc_continuity_on_non_dc:dc-comics
profiles/needs_review/game/final-fantasy/rinoa-heartilly-marvel-comics.yaml,needs_review,game,final-fantasy,rinoa-heartilly-marvel-comics,comic_continuity_on_non_comic:marvel-comics;marvel_continuity_on_non_marvel:marvel-comics
profiles/needs_review/game/final-fantasy/rinoa-heartilly-post-crisis.yaml,needs_review,game,final-fantasy,rinoa-heartilly-post-crisis,comic_continuity_on_non_comic:post-crisis;dc_continuity_on_non_dc:post-crisis
profiles/needs_review/game/final-fantasy/rinoa-heartilly-post-flashpoint.yaml,needs_review,game,final-fantasy,rinoa-heartilly-post-flashpoint,comic_continuity_on_non_comic:post-flashpoint;dc_continuity_on_non_dc:post-flashpoint
profiles/needs_review/game/final-fantasy/rinoa-heartilly-rebirth.yaml,needs_review,game,final-fantasy,rinoa-heartilly-rebirth,comic_continuity_on_non_comic:rebirth;dc_continuity_on_non_dc:rebirth
profiles/needs_review/game/final-fantasy/seifer-almasy-dc-comics.yaml,needs_review,game,final-fantasy,seifer-almasy-dc-comics,comic_continuity_on_non_comic:dc-comics;dc_continuity_on_non_dc:dc-comics
profiles/needs_review/game/final-fantasy/seifer-almasy-marvel-comics.yaml,needs_review,game,final-fantasy,seifer-almasy-marvel-comics,comic_continuity_on_non_comic:marvel-comics;marvel_continuity_on_non_marvel:marvel-comics
profiles/needs_review/game/final-fantasy/seifer-almasy-post-crisis.yaml,needs_review,game,final-fantasy,seifer-almasy-post-crisis,comic_continuity_on_non_comic:post-crisis;dc_continuity_on_non_dc:post-crisis
profiles/needs_review/game/final-fantasy/seifer-almasy-post-flashpoint.yaml,needs_review,game,final-fantasy,seifer-almasy-post-flashpoint,comic_continuity_on_non_comic:post-flashpoint;dc_continuity_on_non_dc:post-flashpoint
profiles/needs_review/game/final-fantasy/seifer-almasy-rebirth.yaml,needs_review,game,final-fantasy,seifer-almasy-rebirth,comic_continuity_on_non_comic:rebirth;dc_continuity_on_non_dc:rebirth
profiles/needs_review/game/final-fantasy/sephiroth-dc-comics.yaml,needs_review,game,final-fantasy,sephiroth-dc-comics,comic_continuity_on_non_comic:dc-comics;dc_continuity_on_non_dc:dc-comics
profiles/needs_review/game/final-fantasy/sephiroth-marvel-comics.yaml,needs_review,game,final-fantasy,sephiroth-marvel-comics,comic_continuity_on_non_comic:marvel-comics;marvel_continuity_on_non_marvel:marvel-comics
profiles/needs_review/game/final-fantasy/sephiroth-post-crisis.yaml,needs_review,game,final-fantasy,sephiroth-post-crisis,comic_continuity_on_non_comic:post-crisis;dc_continuity_on_non_dc:post-crisis
profiles/needs_review/game/final-fantasy/sephiroth-post-flashpoint.yaml,needs_review,game,final-fantasy,sephiroth-post-flashpoint,comic_continuity_on_non_comic:post-flashpoint;dc_continuity_on_non_dc:post-flashpoint
profiles/needs_review/game/final-fantasy/sephiroth-rebirth.yaml,needs_review,game,final-fantasy,sephiroth-rebirth,comic_continuity_on_non_comic:rebirth;dc_continuity_on_non_dc:rebirth
profiles/needs_review/game/final-fantasy/squall-leonhart-dc-comics.yaml,needs_review,game,final-fantasy,squall-leonhart-dc-comics,comic_continuity_on_non_comic:dc-comics;dc_continuity_on_non_dc:dc-comics
profiles/needs_review/game/final-fantasy/squall-leonhart-marvel-comics.yaml,needs_review,game,final-fantasy,squall-leonhart-marvel-comics,comic_continuity_on_non_comic:marvel-comics;marvel_continuity_on_non_marvel:marvel-comics
profiles/needs_review/game/final-fantasy/squall-leonhart-post-crisis.yaml,needs_review,game,final-fantasy,squall-leonhart-post-crisis,comic_continuity_on_non_comic:post-crisis;dc_continuity_on_non_dc:post-crisis
profiles/needs_review/game/final-fantasy/squall-leonhart-post-flashpoint.yaml,needs_review,game,final-fantasy,squall-leonhart-post-flashpoint,comic_continuity_on_non_comic:post-flashpoint;dc_continuity_on_non_dc:post-flashpoint
profiles/needs_review/game/final-fantasy/squall-leonhart-rebirth.yaml,needs_review,game,final-fantasy,squall-leonhart-rebirth,comic_continuity_on_non_comic:rebirth;dc_continuity_on_non_dc:rebirth
profiles/needs_review/game/final-fantasy/tidus-dc-comics.yaml,needs_review,game,final-fantasy,tidus-dc-comics,comic_continuity_on_non_comic:dc-comics;dc_continuity_on_non_dc:dc-comics
profiles/needs_review/game/final-fantasy/tidus-marvel-comics.yaml,needs_review,game,final-fantasy,tidus-marvel-comics,comic_continuity_on_non_comic:marvel-comics;marvel_continuity_on_non_marvel:marvel-comics
profiles/needs_review/game/final-fantasy/tidus-post-crisis.yaml,needs_review,game,final-fantasy,tidus-post-crisis,comic_continuity_on_non_comic:post-crisis;dc_continuity_on_non_dc:post-crisis
profiles/needs_review/game/final-fantasy/tidus-post-flashpoint.yaml,needs_review,game,final-fantasy,tidus-post-flashpoint,comic_continuity_on_non_comic:post-flashpoint;dc_continuity_on_non_dc:post-flashpoint
profiles/needs_review/game/final-fantasy/tidus-rebirth.yaml,needs_review,game,final-fantasy,tidus-rebirth,comic_continuity_on_non_comic:rebirth;dc_continuity_on_non_dc:rebirth
profiles/needs_review/game/final-fantasy/tifa-lockhart-dc-comics.yaml,needs_review,game,final-fantasy,tifa-lockhart-dc-comics,comic_continuity_on_non_comic:dc-comics;dc_continuity_on_non_dc:dc-comics
profiles/needs_review/game/final-fantasy/tifa-lockhart-marvel-comics.yaml,needs_review,game,final-fantasy,tifa-lockhart-marvel-comics,comic_continuity_on_non_comic:marvel-comics;marvel_continuity_on_non_marvel:marvel-comics
profiles/needs_review/game/final-fantasy/tifa-lockhart-post-crisis.yaml,needs_review,game,final-fantasy,tifa-lockhart-post-crisis,comic_continuity_on_non_comic:post-crisis;dc_continuity_on_non_dc:post-crisis
profiles/needs_review/game/final-fantasy/tifa-lockhart-post-flashpoint.yaml,needs_review,game,final-fantasy,tifa-lockhart-post-flashpoint,comic_continuity_on_non_comic:post-flashpoint;dc_continuity_on_non_dc:post-flashpoint
profiles/needs_review/game/final-fantasy/tifa-lockhart-rebirth.yaml,needs_review,game,final-fantasy,tifa-lockhart-rebirth,comic_continuity_on_non_comic:rebirth;dc_continuity_on_non_dc:rebirth
profiles/needs_review/game/final-fantasy/vivi-ornitier-dc-comics.yaml,needs_review,game,final-fantasy,vivi-ornitier-dc-comics,comic_continuity_on_non_comic:dc-comics;dc_continuity_on_non_dc:dc-comics
profiles/needs_review/game/final-fantasy/vivi-ornitier-marvel-comics.yaml,needs_review,game,final-fantasy,vivi-ornitier-marvel-comics,comic_continuity_on_non_comic:marvel-comics;marvel_continuity_on_non_marvel:marvel-comics
profiles/needs_review/game/final-fantasy/vivi-ornitier-post-crisis.yaml,needs_review,game,final-fantasy,vivi-ornitier-post-crisis,comic_continuity_on_non_comic:post-crisis;dc_continuity_on_non_dc:post-crisis
profiles/needs_review/game/final-fantasy/vivi-ornitier-post-flashpoint.yaml,needs_review,game,final-fantasy,vivi-ornitier-post-flashpoint,comic_continuity_on_non_comic:post-flashpoint;dc_continuity_on_non_dc:post-flashpoint
profiles/needs_review/game/final-fantasy/vivi-ornitier-rebirth.yaml,needs_review,game,final-fantasy,vivi-ornitier-rebirth,comic_continuity_on_non_comic:rebirth;dc_continuity_on_non_dc:rebirth
profiles/needs_review/game/final-fantasy/yuna-dc-comics.yaml,needs_review,game,final-fantasy,yuna-dc-comics,comic_continuity_on_non_comic:dc-comics;dc_continuity_on_non_dc:dc-comics
profiles/needs_review/game/final-fantasy/yuna-marvel-comics.yaml,needs_review,game,final-fantasy,yuna-marvel-comics,comic_continuity_on_non_comic:marvel-comics;marvel_continuity_on_non_marvel:marvel-comics
profiles/needs_review/game/final-fantasy/yuna-post-crisis.yaml,needs_review,game,final-fantasy,yuna-post-crisis,comic_continuity_on_non_comic:post-crisis;dc_continuity_on_non_dc:post-crisis
profiles/needs_review/game/final-fantasy/yuna-post-flashpoint.yaml,needs_review,game,final-fantasy,yuna-post-flashpoint,comic_continuity_on_non_comic:post-flashpoint;dc_continuity_on_non_dc:post-flashpoint
profiles/needs_review/game/final-fantasy/yuna-rebirth.yaml,needs_review,game,final-fantasy,yuna-rebirth,comic_continuity_on_non_comic:rebirth;dc_continuity_on_non_dc:rebirth
profiles/needs_review/game/final-fantasy/zidane-tribal-dc-comics.yaml,needs_review,game,final-fantasy,zidane-tribal-dc-comics,comic_continuity_on_non_comic:dc-comics;dc_continuity_on_non_dc:dc-comics
profiles/needs_review/game/final-fantasy/zidane-tribal-marvel-comics.yaml,needs_review,game,final-fantasy,zidane-tribal-marvel-comics,comic_continuity_on_non_comic:marvel-comics;marvel_continuity_on_non_marvel:marvel-comics
profiles/needs_review/game/final-fantasy/zidane-tribal-post-crisis.yaml,needs_review,game,final-fantasy,zidane-tribal-post-crisis,comic_continuity_on_non_comic:post-crisis;dc_continuity_on_non_dc:post-crisis
profiles/needs_review/game/final-fantasy/zidane-tribal-post-flashpoint.yaml,needs_review,game,final-fantasy,zidane-tribal-post-flashpoint,comic_continuity_on_non_comic:post-flashpoint;dc_continuity_on_non_dc:post-flashpoint
profiles/needs_review/game/final-fantasy/zidane-tribal-rebirth.yaml,needs_review,game,final-fantasy,zidane-tribal-rebirth,comic_continuity_on_non_comic:rebirth;dc_continuity_on_non_dc:rebirth
profiles/needs_review/mixed/crossover-icons/bowser-dc-comics.yaml,needs_review,mixed,crossover-icons,bowser-dc-comics,comic_continuity_on_non_comic:dc-comics;dc_continuity_on_non_dc:dc-comics
profiles/needs_review/mixed/crossover-icons/bowser-marvel-comics.yaml,needs_review,mixed,crossover-icons,bowser-marvel-comics,comic_continuity_on_non_comic:marvel-comics;marvel_continuity_on_non_marvel:marvel-comics
profiles/needs_review/mixed/crossover-icons/bowser-post-crisis.yaml,needs_review,mixed,crossover-icons,bowser-post-crisis,comic_continuity_on_non_comic:post-crisis;dc_continuity_on_non_dc:post-crisis
profiles/needs_review/mixed/crossover-icons/bowser-post-flashpoint.yaml,needs_review,mixed,crossover-icons,bowser-post-flashpoint,comic_continuity_on_non_comic:post-flashpoint;dc_continuity_on_non_dc:post-flashpoint
profiles/needs_review/mixed/crossover-icons/bowser-rebirth.yaml,needs_review,mixed,crossover-icons,bowser-rebirth,comic_continuity_on_non_comic:rebirth;dc_continuity_on_non_dc:rebirth
profiles/needs_review/mixed/crossover-icons/captain-falcon-dc-comics.yaml,needs_review,mixed,crossover-icons,captain-falcon-dc-comics,comic_continuity_on_non_comic:dc-comics;dc_continuity_on_non_dc:dc-comics
profiles/needs_review/mixed/crossover-icons/captain-falcon-marvel-comics.yaml,needs_review,mixed,crossover-icons,captain-falcon-marvel-comics,comic_continuity_on_non_comic:marvel-comics;marvel_continuity_on_non_marvel:marvel-comics
profiles/needs_review/mixed/crossover-icons/captain-falcon-post-crisis.yaml,needs_review,mixed,crossover-icons,captain-falcon-post-crisis,comic_continuity_on_non_comic:post-crisis;dc_continuity_on_non_dc:post-crisis
profiles/needs_review/mixed/crossover-icons/captain-falcon-post-flashpoint.yaml,needs_review,mixed,crossover-icons,captain-falcon-post-flashpoint,comic_continuity_on_non_comic:post-flashpoint;dc_continuity_on_non_dc:post-flashpoint
profiles/needs_review/mixed/crossover-icons/captain-falcon-rebirth.yaml,needs_review,mixed,crossover-icons,captain-falcon-rebirth,comic_continuity_on_non_comic:rebirth;dc_continuity_on_non_dc:rebirth
profiles/needs_review/mixed/crossover-icons/donkey-kong-dc-comics.yaml,needs_review,mixed,crossover-icons,donkey-kong-dc-comics,comic_continuity_on_non_comic:dc-comics;dc_continuity_on_non_dc:dc-comics
profiles/needs_review/mixed/crossover-icons/donkey-kong-marvel-comics.yaml,needs_review,mixed,crossover-icons,donkey-kong-marvel-comics,comic_continuity_on_non_comic:marvel-comics;marvel_continuity_on_non_marvel:marvel-comics
profiles/needs_review/mixed/crossover-icons/donkey-kong-post-crisis.yaml,needs_review,mixed,crossover-icons,donkey-kong-post-crisis,comic_continuity_on_non_comic:post-crisis;dc_continuity_on_non_dc:post-crisis
profiles/needs_review/mixed/crossover-icons/donkey-kong-post-flashpoint.yaml,needs_review,mixed,crossover-icons,donkey-kong-post-flashpoint,comic_continuity_on_non_comic:post-flashpoint;dc_continuity_on_non_dc:post-flashpoint
profiles/needs_review/mixed/crossover-icons/donkey-kong-rebirth.yaml,needs_review,mixed,crossover-icons,donkey-kong-rebirth,comic_continuity_on_non_comic:rebirth;dc_continuity_on_non_dc:rebirth
profiles/needs_review/mixed/crossover-icons/fox-mccloud-dc-comics.yaml,needs_review,mixed,crossover-icons,fox-mccloud-dc-comics,comic_continuity_on_non_comic:dc-comics;dc_continuity_on_non_dc:dc-comics
profiles/needs_review/mixed/crossover-icons/fox-mccloud-marvel-comics.yaml,needs_review,mixed,crossover-icons,fox-mccloud-marvel-comics,comic_continuity_on_non_comic:marvel-comics;marvel_continuity_on_non_marvel:marvel-comics
profiles/needs_review/mixed/crossover-icons/fox-mccloud-post-crisis.yaml,needs_review,mixed,crossover-icons,fox-mccloud-post-crisis,comic_continuity_on_non_comic:post-crisis;dc_continuity_on_non_dc:post-crisis
profiles/needs_review/mixed/crossover-icons/fox-mccloud-post-flashpoint.yaml,needs_review,mixed,crossover-icons,fox-mccloud-post-flashpoint,comic_continuity_on_non_comic:post-flashpoint;dc_continuity_on_non_dc:post-flashpoint
profiles/needs_review/mixed/crossover-icons/fox-mccloud-rebirth.yaml,needs_review,mixed,crossover-icons,fox-mccloud-rebirth,comic_continuity_on_non_comic:rebirth;dc_continuity_on_non_dc:rebirth
profiles/needs_review/mixed/crossover-icons/inkling-dc-comics.yaml,needs_review,mixed,crossover-icons,inkling-dc-comics,comic_continuity_on_non_comic:dc-comics;dc_continuity_on_non_dc:dc-comics
profiles/needs_review/mixed/crossover-icons/inkling-marvel-comics.yaml,needs_review,mixed,crossover-icons,inkling-marvel-comics,comic_continuity_on_non_comic:marvel-comics;marvel_continuity_on_non_marvel:marvel-comics
profiles/needs_review/mixed/crossover-icons/inkling-post-crisis.yaml,needs_review,mixed,crossover-icons,inkling-post-crisis,comic_continuity_on_non_comic:post-crisis;dc_continuity_on_non_dc:post-crisis
profiles/needs_review/mixed/crossover-icons/inkling-post-flashpoint.yaml,needs_review,mixed,crossover-icons,inkling-post-flashpoint,comic_continuity_on_non_comic:post-flashpoint;dc_continuity_on_non_dc:post-flashpoint
profiles/needs_review/mixed/crossover-icons/inkling-rebirth.yaml,needs_review,mixed,crossover-icons,inkling-rebirth,comic_continuity_on_non_comic:rebirth;dc_continuity_on_non_dc:rebirth
profiles/needs_review/mixed/crossover-icons/kirby-dc-comics.yaml,needs_review,mixed,crossover-icons,kirby-dc-comics,comic_continuity_on_non_comic:dc-comics;dc_continuity_on_non_dc:dc-comics
profiles/needs_review/mixed/crossover-icons/kirby-marvel-comics.yaml,needs_review,mixed,crossover-icons,kirby-marvel-comics,comic_continuity_on_non_comic:marvel-comics;marvel_continuity_on_non_marvel:marvel-comics
profiles/needs_review/mixed/crossover-icons/kirby-post-crisis.yaml,needs_review,mixed,crossover-icons,kirby-post-crisis,comic_continuity_on_non_comic:post-crisis;dc_continuity_on_non_dc:post-crisis
profiles/needs_review/mixed/crossover-icons/kirby-post-flashpoint.yaml,needs_review,mixed,crossover-icons,kirby-post-flashpoint,comic_continuity_on_non_comic:post-flashpoint;dc_continuity_on_non_dc:post-flashpoint
profiles/needs_review/mixed/crossover-icons/kirby-rebirth.yaml,needs_review,mixed,crossover-icons,kirby-rebirth,comic_continuity_on_non_comic:rebirth;dc_continuity_on_non_dc:rebirth
profiles/needs_review/mixed/crossover-icons/luigi-dc-comics.yaml,needs_review,mixed,crossover-icons,luigi-dc-comics,comic_continuity_on_non_comic:dc-comics;dc_continuity_on_non_dc:dc-comics
profiles/needs_review/mixed/crossover-icons/luigi-marvel-comics.yaml,needs_review,mixed,crossover-icons,luigi-marvel-comics,comic_continuity_on_non_comic:marvel-comics;marvel_continuity_on_non_marvel:marvel-comics
profiles/needs_review/mixed/crossover-icons/luigi-post-crisis.yaml,needs_review,mixed,crossover-icons,luigi-post-crisis,comic_continuity_on_non_comic:post-crisis;dc_continuity_on_non_dc:post-crisis
profiles/needs_review/mixed/crossover-icons/luigi-post-flashpoint.yaml,needs_review,mixed,crossover-icons,luigi-post-flashpoint,comic_continuity_on_non_comic:post-flashpoint;dc_continuity_on_non_dc:post-flashpoint
profiles/needs_review/mixed/crossover-icons/luigi-rebirth.yaml,needs_review,mixed,crossover-icons,luigi-rebirth,comic_continuity_on_non_comic:rebirth;dc_continuity_on_non_dc:rebirth
profiles/needs_review/mixed/crossover-icons/mario-dc-comics.yaml,needs_review,mixed,crossover-icons,mario-dc-comics,comic_continuity_on_non_comic:dc-comics;dc_continuity_on_non_dc:dc-comics
profiles/needs_review/mixed/crossover-icons/mario-marvel-comics.yaml,needs_review,mixed,crossover-icons,mario-marvel-comics,comic_continuity_on_non_comic:marvel-comics;marvel_continuity_on_non_marvel:marvel-comics
profiles/needs_review/mixed/crossover-icons/mario-post-crisis.yaml,needs_review,mixed,crossover-icons,mario-post-crisis,comic_continuity_on_non_comic:post-crisis;dc_continuity_on_non_dc:post-crisis
profiles/needs_review/mixed/crossover-icons/mario-post-flashpoint.yaml,needs_review,mixed,crossover-icons,mario-post-flashpoint,comic_continuity_on_non_comic:post-flashpoint;dc_continuity_on_non_dc:post-flashpoint
profiles/needs_review/mixed/crossover-icons/mario-rebirth.yaml,needs_review,mixed,crossover-icons,mario-rebirth,comic_continuity_on_non_comic:rebirth;dc_continuity_on_non_dc:rebirth
profiles/needs_review/mixed/crossover-icons/meta-knight-dc-comics.yaml,needs_review,mixed,crossover-icons,meta-knight-dc-comics,comic_continuity_on_non_comic:dc-comics;dc_continuity_on_non_dc:dc-comics
profiles/needs_review/mixed/crossover-icons/meta-knight-marvel-comics.yaml,needs_review,mixed,crossover-icons,meta-knight-marvel-comics,comic_continuity_on_non_comic:marvel-comics;marvel_continuity_on_non_marvel:marvel-comics
profiles/needs_review/mixed/crossover-icons/meta-knight-post-crisis.yaml,needs_review,mixed,crossover-icons,meta-knight-post-crisis,comic_continuity_on_non_comic:post-crisis;dc_continuity_on_non_dc:post-crisis
profiles/needs_review/mixed/crossover-icons/meta-knight-post-flashpoint.yaml,needs_review,mixed,crossover-icons,meta-knight-post-flashpoint,comic_continuity_on_non_comic:post-flashpoint;dc_continuity_on_non_dc:post-flashpoint
profiles/needs_review/mixed/crossover-icons/meta-knight-rebirth.yaml,needs_review,mixed,crossover-icons,meta-knight-rebirth,comic_continuity_on_non_comic:rebirth;dc_continuity_on_non_dc:rebirth
profiles/needs_review/mixed/crossover-icons/palutena-dc-comics.yaml,needs_review,mixed,crossover-icons,palutena-dc-comics,comic_continuity_on_non_comic:dc-comics;dc_continuity_on_non_dc:dc-comics
profiles/needs_review/mixed/crossover-icons/palutena-marvel-comics.yaml,needs_review,mixed,crossover-icons,palutena-marvel-comics,comic_continuity_on_non_comic:marvel-comics;marvel_continuity_on_non_marvel:marvel-comics
profiles/needs_review/mixed/crossover-icons/palutena-post-crisis.yaml,needs_review,mixed,crossover-icons,palutena-post-crisis,comic_continuity_on_non_comic:post-crisis;dc_continuity_on_non_dc:post-crisis
profiles/needs_review/mixed/crossover-icons/palutena-post-flashpoint.yaml,needs_review,mixed,crossover-icons,palutena-post-flashpoint,comic_continuity_on_non_comic:post-flashpoint;dc_continuity_on_non_dc:post-flashpoint
profiles/needs_review/mixed/crossover-icons/palutena-rebirth.yaml,needs_review,mixed,crossover-icons,palutena-rebirth,comic_continuity_on_non_comic:rebirth;dc_continuity_on_non_dc:rebirth
profiles/needs_review/mixed/crossover-icons/pit-dc-comics.yaml,needs_review,mixed,crossover-icons,pit-dc-comics,comic_continuity_on_non_comic:dc-comics;dc_continuity_on_non_dc:dc-comics
profiles/needs_review/mixed/crossover-icons/pit-marvel-comics.yaml,needs_review,mixed,crossover-icons,pit-marvel-comics,comic_continuity_on_non_comic:marvel-comics;marvel_continuity_on_non_marvel:marvel-comics
profiles/needs_review/mixed/crossover-icons/pit-post-crisis.yaml,needs_review,mixed,crossover-icons,pit-post-crisis,comic_continuity_on_non_comic:post-crisis;dc_continuity_on_non_dc:post-crisis
profiles/needs_review/mixed/crossover-icons/pit-post-flashpoint.yaml,needs_review,mixed,crossover-icons,pit-post-flashpoint,comic_continuity_on_non_comic:post-flashpoint;dc_continuity_on_non_dc:post-flashpoint
profiles/needs_review/mixed/crossover-icons/pit-rebirth.yaml,needs_review,mixed,crossover-icons,pit-rebirth,comic_continuity_on_non_comic:rebirth;dc_continuity_on_non_dc:rebirth
profiles/needs_review/mixed/crossover-icons/princess-peach-dc-comics.yaml,needs_review,mixed,crossover-icons,princess-peach-dc-comics,comic_continuity_on_non_comic:dc-comics;dc_continuity_on_non_dc:dc-comics
profiles/needs_review/mixed/crossover-icons/princess-peach-marvel-comics.yaml,needs_review,mixed,crossover-icons,princess-peach-marvel-comics,comic_continuity_on_non_comic:marvel-comics;marvel_continuity_on_non_marvel:marvel-comics
profiles/needs_review/mixed/crossover-icons/princess-peach-post-crisis.yaml,needs_review,mixed,crossover-icons,princess-peach-post-crisis,comic_continuity_on_non_comic:post-crisis;dc_continuity_on_non_dc:post-crisis
profiles/needs_review/mixed/crossover-icons/princess-peach-post-flashpoint.yaml,needs_review,mixed,crossover-icons,princess-peach-post-flashpoint,comic_continuity_on_non_comic:post-flashpoint;dc_continuity_on_non_dc:post-flashpoint
profiles/needs_review/mixed/crossover-icons/princess-peach-rebirth.yaml,needs_review,mixed,crossover-icons,princess-peach-rebirth,comic_continuity_on_non_comic:rebirth;dc_continuity_on_non_dc:rebirth
profiles/needs_review/mixed/crossover-icons/shantae-post-crisis.yaml,needs_review,mixed,crossover-icons,shantae-post-crisis,comic_continuity_on_non_comic:post-crisis;dc_continuity_on_non_dc:post-crisis
profiles/needs_review/mixed/crossover-icons/shantae-post-flashpoint.yaml,needs_review,mixed,crossover-icons,shantae-post-flashpoint,comic_continuity_on_non_comic:post-flashpoint;dc_continuity_on_non_dc:post-flashpoint
profiles/needs_review/mixed/crossover-icons/shantae-rebirth.yaml,needs_review,mixed,crossover-icons,shantae-rebirth,comic_continuity_on_non_comic:rebirth;dc_continuity_on_non_dc:rebirth
profiles/needs_review/mixed/crossover-icons/shovel-knight-dc-comics.yaml,needs_review,mixed,crossover-icons,shovel-knight-dc-comics,comic_continuity_on_non_comic:dc-comics;dc_continuity_on_non_dc:dc-comics
profiles/needs_review/mixed/crossover-icons/shovel-knight-marvel-comics.yaml,needs_review,mixed,crossover-icons,shovel-knight-marvel-comics,comic_continuity_on_non_comic:marvel-comics;marvel_continuity_on_non_marvel:marvel-comics
profiles/needs_review/mixed/crossover-icons/shovel-knight-post-crisis.yaml,needs_review,mixed,crossover-icons,shovel-knight-post-crisis,comic_continuity_on_non_comic:post-crisis;dc_continuity_on_non_dc:post-crisis
profiles/needs_review/mixed/crossover-icons/shovel-knight-post-flashpoint.yaml,needs_review,mixed,crossover-icons,shovel-knight-post-flashpoint,comic_continuity_on_non_comic:post-flashpoint;dc_continuity_on_non_dc:post-flashpoint
profiles/needs_review/mixed/crossover-icons/shovel-knight-rebirth.yaml,needs_review,mixed,crossover-icons,shovel-knight-rebirth,comic_continuity_on_non_comic:rebirth;dc_continuity_on_non_dc:rebirth
